id,nombre,link_json,url,status_code,ok,elapsed_ms,total_productos,tiene_productos,timestamp
909,Accesorios,/partes-y-piezas-componentes/accesorios,https://www.pcfactory.cl/categoria/partes-y-piezas-componentes/accesorios,200,True,1023,8,True,12/01/2026 08:23:10 Chile
417,Accesorios Celulares,/accesorios-y-perifericos/accesorios-celulares,https://www.pcfactory.cl/categoria/accesorios-y-perifericos/accesorios-celulares,200,True,672,80,True,12/01/2026 08:23:10 Chile
832,Accesorios Celulares,/accesorios-y-perifericos/accesorios-celulares/accesorios-celulares,https://www.pcfactory.cl/categoria/accesorios-y-perifericos/accesorios-celulares/accesorios-celulares,200,True,645,3,True,12/01/2026 08:23:10 Chile
417,Accesorios Celulares,/smartphones-y-wearables/accesorios-celulares,https://www.pcfactory.cl/categoria/smartphones-y-wearables/accesorios-celulares,200,True,757,80,True,12/01/2026 08:23:10 Chile
832,Accesorios Celulares,/smartphones-y-wearables/accesorios-celulares/accesorios-celulares,https://www.pcfactory.cl/categoria/smartphones-y-wearables/accesorios-celulares/accesorios-celulares,200,True,1043,3,True,12/01/2026 08:23:10 Chile
464,Accesorios Consolas,/accesorios-y-perifericos/accesorios-consolas,https://www.pcfactory.cl/categoria/accesorios-y-perifericos/accesorios-consolas,200,True,777,9,True,12/01/2026 08:23:10 Chile
464,Accesorios Consolas,/gamer-y-poder-grafico/accesorios-consolas,https://www.pcfactory.cl/categoria/gamer-y-poder-grafico/accesorios-consolas,200,True,615,9,True,12/01/2026 08:23:10 Chile
726,Accesorios Corte y Estampado,/impresoras-y-suministros/otros-suministros-impresion/accesorios-corte-y-estampado,https://www.pcfactory.cl/categoria/impresoras-y-suministros/otros-suministros-impresion/accesorios-corte-y-estampado,200,True,737,27,True,12/01/2026 08:23:10 Chile
427,Accesorios Cámaras,/video-fotografia-y-drones/accesorios-camaras,https://www.pcfactory.cl/categoria/video-fotografia-y-drones/accesorios-camaras,200,True,650,28,True,12/01/2026 08:23:10 Chile
427,Accesorios Cámaras,/accesorios-y-perifericos/accesorios-camaras,https://www.pcfactory.cl/categoria/accesorios-y-perifericos/accesorios-camaras,200,True,704,28,True,12/01/2026 08:23:10 Chile
704,Accesorios Cámaras de Acción,/video-fotografia-y-drones/accesorios-camaras/accesorios-camaras-de-accion,https://www.pcfactory.cl/categoria/video-fotografia-y-drones/accesorios-camaras/accesorios-camaras-de-accion,200,True,699,13,True,12/01/2026 08:23:10 Chile
704,Accesorios Cámaras de Acción,/accesorios-y-perifericos/accesorios-camaras/accesorios-camaras-de-accion,https://www.pcfactory.cl/categoria/accesorios-y-perifericos/accesorios-camaras/accesorios-camaras-de-accion,200,True,960,13,True,12/01/2026 08:23:10 Chile
908,Accesorios Desktop,/partes-y-piezas-componentes/accesorios/accesorios-desktop,https://www.pcfactory.cl/categoria/partes-y-piezas-componentes/accesorios/accesorios-desktop,200,True,815,6,True,12/01/2026 08:23:10 Chile
925,Accesorios Electrónica,/electronica-y-robotica/electronica/accesorios-electronica,https://www.pcfactory.cl/categoria/electronica-y-robotica/electronica/accesorios-electronica,200,True,606,42,True,12/01/2026 08:23:10 Chile
1057,Accesorios Impresoras 3D,/impresoras-y-suministros/impresoras-formatos-especiales/accesorios-impresoras-3d,https://www.pcfactory.cl/categoria/impresoras-y-suministros/impresoras-formatos-especiales/accesorios-impresoras-3d,200,True,763,2,True,12/01/2026 08:23:10 Chile
56,Accesorios Notebooks,/accesorios-y-perifericos/accesorios-notebooks,https://www.pcfactory.cl/categoria/accesorios-y-perifericos/accesorios-notebooks,200,True,524,89,True,12/01/2026 08:23:10 Chile
56,Accesorios Notebooks,/computadores-y-tablets/accesorios-notebooks,https://www.pcfactory.cl/categoria/computadores-y-tablets/accesorios-notebooks,200,True,641,89,True,12/01/2026 08:23:10 Chile
439,Accesorios Proyectores,/monitores-y-proyectores/accesorios-proyectores,https://www.pcfactory.cl/categoria/monitores-y-proyectores/accesorios-proyectores,200,True,491,4,True,12/01/2026 08:23:10 Chile
439,Accesorios Proyectores,/accesorios-y-perifericos/accesorios-proyectores,https://www.pcfactory.cl/categoria/accesorios-y-perifericos/accesorios-proyectores,200,True,872,4,True,12/01/2026 08:23:10 Chile
322,Accesorios Red,/conectividad-y-redes/accesorios-red,https://www.pcfactory.cl/categoria/conectividad-y-redes/accesorios-red,200,True,527,60,True,12/01/2026 08:23:10 Chile
322,Accesorios Red,/accesorios-y-perifericos/accesorios-red,https://www.pcfactory.cl/categoria/accesorios-y-perifericos/accesorios-red,200,True,686,60,True,12/01/2026 08:23:10 Chile
912,Accesorios Robótica,/electronica-y-robotica/robotica/accesorios-robotica,https://www.pcfactory.cl/categoria/electronica-y-robotica/robotica/accesorios-robotica,200,True,929,4,True,12/01/2026 08:23:10 Chile
962,Accesorios Seguridad,/hogar-y-seguridad/seguridad/accesorios-seguridad,https://www.pcfactory.cl/categoria/hogar-y-seguridad/seguridad/accesorios-seguridad,200,True,817,2,True,12/01/2026 08:23:10 Chile
962,Accesorios Seguridad,/conectividad-y-redes/seguridad/accesorios-seguridad,https://www.pcfactory.cl/categoria/conectividad-y-redes/seguridad/accesorios-seguridad,200,True,1010,2,True,12/01/2026 08:23:10 Chile
792,Accesorios TV y Video,/smart-tv-y-audio/accesorios-tv-y-video,https://www.pcfactory.cl/categoria/smart-tv-y-audio/accesorios-tv-y-video,200,True,825,41,True,12/01/2026 08:23:10 Chile
503,Accesorios Tablet,/accesorios-y-perifericos/accesorios-tablets,https://www.pcfactory.cl/categoria/accesorios-y-perifericos/accesorios-tablets,200,True,601,16,True,12/01/2026 08:23:10 Chile
503,Accesorios Tablet,/computadores-y-tablets/accesorios-tablets,https://www.pcfactory.cl/categoria/computadores-y-tablets/accesorios-tablets,200,True,536,16,True,12/01/2026 08:23:10 Chile
938,Accesorios Tabletas Digitalizadoras,/computadores-y-tablets/ilustracion-y-diseno/accesorios-tabletas-digitalizadoras,https://www.pcfactory.cl/categoria/computadores-y-tablets/ilustracion-y-diseno/accesorios-tabletas-digitalizadoras,200,True,1000,9,True,12/01/2026 08:23:10 Chile
894,Accesorios de Audio,/smart-tv-y-audio/accesorios-de-audio,https://www.pcfactory.cl/categoria/smart-tv-y-audio/accesorios-de-audio,200,True,680,6,True,12/01/2026 08:23:10 Chile
816,Accesorios de Impresoras,/impresoras-y-suministros/otros-suministros-impresion/accesorios-de-impresoras,https://www.pcfactory.cl/categoria/impresoras-y-suministros/otros-suministros-impresion/accesorios-de-impresoras,200,True,786,1,True,12/01/2026 08:23:10 Chile
400,Accesorios de Monitores,/monitores-y-proyectores/accesorios-de-monitores,https://www.pcfactory.cl/categoria/monitores-y-proyectores/accesorios-de-monitores,200,True,774,46,True,12/01/2026 08:23:10 Chile
400,Accesorios de Monitores,/accesorios-y-perifericos/accesorios-de-monitores,https://www.pcfactory.cl/categoria/accesorios-y-perifericos/accesorios-de-monitores,200,True,603,46,True,12/01/2026 08:23:10 Chile
296,Accesorios y Periféricos,/accesorios-y-perifericos,https://www.pcfactory.cl/categoria/accesorios-y-perifericos,200,True,792,574,True,12/01/2026 08:23:10 Chile
470,Access Point,/conectividad-y-redes/access-point,https://www.pcfactory.cl/categoria/conectividad-y-redes/access-point,200,True,504,6,True,12/01/2026 08:23:10 Chile
923,Actuadores,/electronica-y-robotica/electronica/actuadores,https://www.pcfactory.cl/categoria/electronica-y-robotica/electronica/actuadores,200,True,994,13,True,12/01/2026 08:23:10 Chile
346,Adaptadores Bluetooth,/smart-tv-y-audio/accesorios-de-audio/adaptadores-bluetooth,https://www.pcfactory.cl/categoria/smart-tv-y-audio/accesorios-de-audio/adaptadores-bluetooth,200,True,610,2,True,12/01/2026 08:23:10 Chile
346,Adaptadores Bluetooth,/accesorios-y-perifericos/adaptadores-y-conversores/adaptadores-bluetooth,https://www.pcfactory.cl/categoria/accesorios-y-perifericos/adaptadores-y-conversores/adaptadores-bluetooth,200,True,795,2,True,12/01/2026 08:23:10 Chile
540,Adaptadores PC,/accesorios-y-perifericos/adaptadores-y-conversores/adaptadores-pc,https://www.pcfactory.cl/categoria/accesorios-y-perifericos/adaptadores-y-conversores/adaptadores-pc,200,True,485,9,True,12/01/2026 08:23:10 Chile
960,Adaptadores USB C,/accesorios-y-perifericos/adaptadores-y-conversores/adaptadores-usb-c,https://www.pcfactory.cl/categoria/accesorios-y-perifericos/adaptadores-y-conversores/adaptadores-usb-c,200,True,718,2,True,12/01/2026 08:23:10 Chile
960,Adaptadores USB C,/accesorios-y-perifericos/accesorios-notebooks/adaptadores-usb-c,https://www.pcfactory.cl/categoria/accesorios-y-perifericos/accesorios-notebooks/adaptadores-usb-c,200,True,975,2,True,12/01/2026 08:23:10 Chile
960,Adaptadores USB C,/computadores-y-tablets/accesorios-notebooks/adaptadores-usb-c,https://www.pcfactory.cl/categoria/computadores-y-tablets/accesorios-notebooks/adaptadores-usb-c,200,True,560,2,True,12/01/2026 08:23:10 Chile
537,Adaptadores y Conversores,/accesorios-y-perifericos/adaptadores-y-conversores,https://www.pcfactory.cl/categoria/accesorios-y-perifericos/adaptadores-y-conversores,200,True,531,28,True,12/01/2026 08:23:10 Chile
628,Alarmas,/hogar-y-seguridad/seguridad/alarmas,https://www.pcfactory.cl/categoria/hogar-y-seguridad/seguridad/alarmas,200,True,929,3,True,12/01/2026 08:23:10 Chile
628,Alarmas,/conectividad-y-redes/seguridad/alarmas,https://www.pcfactory.cl/categoria/conectividad-y-redes/seguridad/alarmas,200,True,959,3,True,12/01/2026 08:23:10 Chile
999,All in One,/oficinas-y-punto-de-venta/complementos-pos/all-in-one,https://www.pcfactory.cl/categoria/oficinas-y-punto-de-venta/complementos-pos/all-in-one,200,True,515,11,True,12/01/2026 08:23:10 Chile
999,All in One,/computadores-y-tablets/escritorio/all-in-one,https://www.pcfactory.cl/categoria/computadores-y-tablets/escritorio/all-in-one,200,True,576,11,True,12/01/2026 08:23:10 Chile
312,Almacenamiento,/partes-y-piezas-componentes/almacenamiento,https://www.pcfactory.cl/categoria/partes-y-piezas-componentes/almacenamiento,200,True,829,63,True,12/01/2026 08:23:10 Chile
706,Almacenamiento y Discos Duros,/almacenamiento-y-discos-duros,https://www.pcfactory.cl/categoria/almacenamiento-y-discos-duros,200,True,771,66,True,12/01/2026 08:23:10 Chile
805,Antenas TV Digital,/smart-tv-y-audio/antenas-tv-digital,https://www.pcfactory.cl/categoria/smart-tv-y-audio/antenas-tv-digital,200,True,647,4,True,12/01/2026 08:23:10 Chile
590,Antivirus,/computadores-y-tablets/softwares/antivirus,https://www.pcfactory.cl/categoria/computadores-y-tablets/softwares/antivirus,200,True,776,2,True,12/01/2026 08:23:10 Chile
716,Artículos de Escritorio,/oficinas-y-punto-de-venta/oficinas/articulos-de-escritorio,https://www.pcfactory.cl/categoria/oficinas-y-punto-de-venta/oficinas/articulos-de-escritorio,200,True,568,8,True,12/01/2026 08:23:10 Chile
752,Asistentes de Voz,/hogar-y-seguridad/smart-home-domotica/asistentes-de-voz,https://www.pcfactory.cl/categoria/hogar-y-seguridad/smart-home-domotica/asistentes-de-voz,200,True,572,2,True,12/01/2026 08:23:10 Chile
1315,Aspiradoras de Mano,/automovil-gps-y-outdoor/automovil/aspiradoras-de-mano,https://www.pcfactory.cl/categoria/automovil-gps-y-outdoor/automovil/aspiradoras-de-mano,200,True,774,1,True,12/01/2026 08:23:10 Chile
890,Audio All in one,/smart-tv-y-audio/equipos-de-musica/audio-all-in-one,https://www.pcfactory.cl/categoria/smart-tv-y-audio/equipos-de-musica/audio-all-in-one,200,True,934,5,True,12/01/2026 08:23:10 Chile
850,Audífonos,/oficinas-y-punto-de-venta/audifonos,https://www.pcfactory.cl/categoria/oficinas-y-punto-de-venta/audifonos,200,True,934,73,True,12/01/2026 08:23:10 Chile
850,Audífonos,/smart-tv-y-audio/audifonos,https://www.pcfactory.cl/categoria/smart-tv-y-audio/audifonos,200,True,1016,73,True,12/01/2026 08:23:10 Chile
850,Audífonos,/accesorios-y-perifericos/audifonos,https://www.pcfactory.cl/categoria/accesorios-y-perifericos/audifonos,200,True,765,73,True,12/01/2026 08:23:10 Chile
850,Audífonos,/smartphones-y-wearables/audifonos,https://www.pcfactory.cl/categoria/smartphones-y-wearables/audifonos,200,True,774,73,True,12/01/2026 08:23:10 Chile
850,Audífonos,/computadores-y-tablets/audifonos,https://www.pcfactory.cl/categoria/computadores-y-tablets/audifonos,200,True,837,73,True,12/01/2026 08:23:10 Chile
886,Audífonos Call Center,/oficinas-y-punto-de-venta/audifonos/audifonos-call-center,https://www.pcfactory.cl/categoria/oficinas-y-punto-de-venta/audifonos/audifonos-call-center,200,True,672,7,True,12/01/2026 08:23:10 Chile
886,Audífonos Call Center,/smart-tv-y-audio/audifonos/audifonos-call-center,https://www.pcfactory.cl/categoria/smart-tv-y-audio/audifonos/audifonos-call-center,200,True,699,7,True,12/01/2026 08:23:10 Chile
886,Audífonos Call Center,/accesorios-y-perifericos/audifonos/audifonos-call-center,https://www.pcfactory.cl/categoria/accesorios-y-perifericos/audifonos/audifonos-call-center,200,True,723,7,True,12/01/2026 08:23:10 Chile
886,Audífonos Call Center,/smartphones-y-wearables/audifonos/audifonos-call-center,https://www.pcfactory.cl/categoria/smartphones-y-wearables/audifonos/audifonos-call-center,200,True,585,7,True,12/01/2026 08:23:10 Chile
886,Audífonos Call Center,/computadores-y-tablets/audifonos/audifonos-call-center,https://www.pcfactory.cl/categoria/computadores-y-tablets/audifonos/audifonos-call-center,200,True,627,7,True,12/01/2026 08:23:10 Chile
102,Audífonos Gamer,/oficinas-y-punto-de-venta/audifonos/audifonos-gamer,https://www.pcfactory.cl/categoria/oficinas-y-punto-de-venta/audifonos/audifonos-gamer,200,True,967,11,True,12/01/2026 08:23:10 Chile
102,Audífonos Gamer,/smart-tv-y-audio/audifonos/audifonos-gamer,https://www.pcfactory.cl/categoria/smart-tv-y-audio/audifonos/audifonos-gamer,200,True,590,11,True,12/01/2026 08:23:10 Chile
102,Audífonos Gamer,/accesorios-y-perifericos/audifonos/audifonos-gamer,https://www.pcfactory.cl/categoria/accesorios-y-perifericos/audifonos/audifonos-gamer,200,True,573,11,True,12/01/2026 08:23:10 Chile
102,Audífonos Gamer,/smartphones-y-wearables/audifonos/audifonos-gamer,https://www.pcfactory.cl/categoria/smartphones-y-wearables/audifonos/audifonos-gamer,200,True,956,11,True,12/01/2026 08:23:10 Chile
102,Audífonos Gamer,/computadores-y-tablets/audifonos/audifonos-gamer,https://www.pcfactory.cl/categoria/computadores-y-tablets/audifonos/audifonos-gamer,200,True,788,11,True,12/01/2026 08:23:10 Chile
888,Audífonos Headset,/oficinas-y-punto-de-venta/audifonos/audifonos-headset,https://www.pcfactory.cl/categoria/oficinas-y-punto-de-venta/audifonos/audifonos-headset,200,True,1009,31,True,12/01/2026 08:23:10 Chile
888,Audífonos Headset,/smart-tv-y-audio/audifonos/audifonos-headset,https://www.pcfactory.cl/categoria/smart-tv-y-audio/audifonos/audifonos-headset,200,True,711,31,True,12/01/2026 08:23:10 Chile
888,Audífonos Headset,/accesorios-y-perifericos/audifonos/audifonos-headset,https://www.pcfactory.cl/categoria/accesorios-y-perifericos/audifonos/audifonos-headset,200,True,1022,31,True,12/01/2026 08:23:10 Chile
888,Audífonos Headset,/smartphones-y-wearables/audifonos/audifonos-headset,https://www.pcfactory.cl/categoria/smartphones-y-wearables/audifonos/audifonos-headset,200,True,774,31,True,12/01/2026 08:23:10 Chile
888,Audífonos Headset,/computadores-y-tablets/audifonos/audifonos-headset,https://www.pcfactory.cl/categoria/computadores-y-tablets/audifonos/audifonos-headset,200,True,671,31,True,12/01/2026 08:23:10 Chile
884,Audífonos In Ear,/oficinas-y-punto-de-venta/audifonos/audifonos-in-ear,https://www.pcfactory.cl/categoria/oficinas-y-punto-de-venta/audifonos/audifonos-in-ear,200,True,718,24,True,12/01/2026 08:23:10 Chile
884,Audífonos In Ear,/smart-tv-y-audio/audifonos/audifonos-in-ear,https://www.pcfactory.cl/categoria/smart-tv-y-audio/audifonos/audifonos-in-ear,200,True,697,24,True,12/01/2026 08:23:10 Chile
884,Audífonos In Ear,/accesorios-y-perifericos/audifonos/audifonos-in-ear,https://www.pcfactory.cl/categoria/accesorios-y-perifericos/audifonos/audifonos-in-ear,200,True,734,24,True,12/01/2026 08:23:10 Chile
884,Audífonos In Ear,/smartphones-y-wearables/audifonos/audifonos-in-ear,https://www.pcfactory.cl/categoria/smartphones-y-wearables/audifonos/audifonos-in-ear,200,True,939,24,True,12/01/2026 08:23:10 Chile
884,Audífonos In Ear,/computadores-y-tablets/audifonos/audifonos-in-ear,https://www.pcfactory.cl/categoria/computadores-y-tablets/audifonos/audifonos-in-ear,200,True,757,24,True,12/01/2026 08:23:10 Chile
1333,Automóvil,/automovil-gps-y-outdoor/automovil,https://www.pcfactory.cl/categoria/automovil-gps-y-outdoor/automovil,200,True,1009,5,True,12/01/2026 08:23:10 Chile
642,Automóvil / GPS y Outdoor,/automovil-gps-y-outdoor,https://www.pcfactory.cl/categoria/automovil-gps-y-outdoor,200,True,587,8,True,12/01/2026 08:23:10 Chile
731,Banda Ancha Móvil,/smartphones-y-wearables/banda-ancha-movil,https://www.pcfactory.cl/categoria/smartphones-y-wearables/banda-ancha-movil,200,True,597,3,True,12/01/2026 08:23:10 Chile
797,Barras de Sonido,/smart-tv-y-audio/video-audio-tv/barras-de-sonido,https://www.pcfactory.cl/categoria/smart-tv-y-audio/video-audio-tv/barras-de-sonido,200,True,558,4,True,12/01/2026 08:23:10 Chile
553,Bases Notebooks,/accesorios-y-perifericos/accesorios-notebooks/bases-notebooks,https://www.pcfactory.cl/categoria/accesorios-y-perifericos/accesorios-notebooks/bases-notebooks,200,True,823,9,True,12/01/2026 08:23:10 Chile
553,Bases Notebooks,/computadores-y-tablets/accesorios-notebooks/bases-notebooks,https://www.pcfactory.cl/categoria/computadores-y-tablets/accesorios-notebooks/bases-notebooks,200,True,513,9,True,12/01/2026 08:23:10 Chile
714,Baterías de Notebooks,/accesorios-y-perifericos/accesorios-notebooks/baterias-de-notebooks,https://www.pcfactory.cl/categoria/accesorios-y-perifericos/accesorios-notebooks/baterias-de-notebooks,200,True,638,3,True,12/01/2026 08:23:10 Chile
714,Baterías de Notebooks,/computadores-y-tablets/accesorios-notebooks/baterias-de-notebooks,https://www.pcfactory.cl/categoria/computadores-y-tablets/accesorios-notebooks/baterias-de-notebooks,200,True,909,3,True,12/01/2026 08:23:10 Chile
542,Baterías externas,/oficinas-y-punto-de-venta/ups-baterias-y-cargadores/baterias-externas,https://www.pcfactory.cl/categoria/oficinas-y-punto-de-venta/ups-baterias-y-cargadores/baterias-externas,200,True,671,21,True,12/01/2026 08:23:10 Chile
542,Baterías externas,/accesorios-y-perifericos/accesorios-celulares/baterias-externas,https://www.pcfactory.cl/categoria/accesorios-y-perifericos/accesorios-celulares/baterias-externas,200,True,974,21,True,12/01/2026 08:23:10 Chile
542,Baterías externas,/ups-energia-y-energia-solar/baterias-externas,https://www.pcfactory.cl/categoria/ups-energia-y-energia-solar/baterias-externas,200,True,672,21,True,12/01/2026 08:23:10 Chile
542,Baterías externas,/smartphones-y-wearables/accesorios-celulares/baterias-externas,https://www.pcfactory.cl/categoria/smartphones-y-wearables/accesorios-celulares/baterias-externas,200,True,658,21,True,12/01/2026 08:23:10 Chile
541,Baterías y Cargadores,/oficinas-y-punto-de-venta/ups-baterias-y-cargadores/baterias-y-cargadores,https://www.pcfactory.cl/categoria/oficinas-y-punto-de-venta/ups-baterias-y-cargadores/baterias-y-cargadores,200,True,792,11,True,12/01/2026 08:23:10 Chile
541,Baterías y Cargadores,/ups-energia-y-energia-solar/baterias-y-cargadores,https://www.pcfactory.cl/categoria/ups-energia-y-energia-solar/baterias-y-cargadores,200,True,999,11,True,12/01/2026 08:23:10 Chile
563,Bolsos Cámaras,/video-fotografia-y-drones/accesorios-camaras/bolsos-camaras,https://www.pcfactory.cl/categoria/video-fotografia-y-drones/accesorios-camaras/bolsos-camaras,200,True,786,1,True,12/01/2026 08:23:10 Chile
563,Bolsos Cámaras,/accesorios-y-perifericos/bolsos-y-fundas/bolsos-camaras,https://www.pcfactory.cl/categoria/accesorios-y-perifericos/bolsos-y-fundas/bolsos-camaras,200,True,548,1,True,12/01/2026 08:23:10 Chile
563,Bolsos Cámaras,/accesorios-y-perifericos/accesorios-camaras/bolsos-camaras,https://www.pcfactory.cl/categoria/accesorios-y-perifericos/accesorios-camaras/bolsos-camaras,200,True,566,1,True,12/01/2026 08:23:10 Chile
554,Bolsos Notebooks,/accesorios-y-perifericos/bolsos-y-fundas/bolsos-notebooks,https://www.pcfactory.cl/categoria/accesorios-y-perifericos/bolsos-y-fundas/bolsos-notebooks,200,True,814,27,True,12/01/2026 08:23:10 Chile
554,Bolsos Notebooks,/accesorios-y-perifericos/accesorios-notebooks/bolsos-notebooks,https://www.pcfactory.cl/categoria/accesorios-y-perifericos/accesorios-notebooks/bolsos-notebooks,200,True,507,27,True,12/01/2026 08:23:10 Chile
554,Bolsos Notebooks,/computadores-y-tablets/accesorios-notebooks/bolsos-notebooks,https://www.pcfactory.cl/categoria/computadores-y-tablets/accesorios-notebooks/bolsos-notebooks,200,True,1030,27,True,12/01/2026 08:23:10 Chile
551,Bolsos Tablets,/accesorios-y-perifericos/bolsos-y-fundas/bolsos-tablets,https://www.pcfactory.cl/categoria/accesorios-y-perifericos/bolsos-y-fundas/bolsos-tablets,200,True,549,15,True,12/01/2026 08:23:10 Chile
551,Bolsos Tablets,/accesorios-y-perifericos/accesorios-tablets/bolsos-tablets,https://www.pcfactory.cl/categoria/accesorios-y-perifericos/accesorios-tablets/bolsos-tablets,200,True,661,15,True,12/01/2026 08:23:10 Chile
551,Bolsos Tablets,/computadores-y-tablets/accesorios-tablets/bolsos-tablets,https://www.pcfactory.cl/categoria/computadores-y-tablets/accesorios-tablets/bolsos-tablets,200,True,704,15,True,12/01/2026 08:23:10 Chile
668,Bolsos y Fundas,/accesorios-y-perifericos/bolsos-y-fundas,https://www.pcfactory.cl/categoria/accesorios-y-perifericos/bolsos-y-fundas,200,True,929,51,True,12/01/2026 08:23:10 Chile
837,CPU AMD sAM4,/partes-y-piezas-componentes/procesadores/cpu-amd-sam4,https://www.pcfactory.cl/categoria/partes-y-piezas-componentes/procesadores/cpu-amd-sam4,200,True,741,3,True,12/01/2026 08:23:10 Chile
1307,CPU AMD sAM5,/partes-y-piezas-componentes/procesadores/cpu-amd-sam5,https://www.pcfactory.cl/categoria/partes-y-piezas-componentes/procesadores/cpu-amd-sam5,200,True,834,11,True,12/01/2026 08:23:10 Chile
1142,CPU Intel s1700,/partes-y-piezas-componentes/procesadores/cpu-intel-s1700,https://www.pcfactory.cl/categoria/partes-y-piezas-componentes/procesadores/cpu-intel-s1700,200,True,926,3,True,12/01/2026 08:23:10 Chile
687,Cables,/accesorios-y-perifericos/accesorios-celulares/cables,https://www.pcfactory.cl/categoria/accesorios-y-perifericos/accesorios-celulares/cables,200,True,699,11,True,12/01/2026 08:23:10 Chile
687,Cables,/smartphones-y-wearables/accesorios-celulares/cables,https://www.pcfactory.cl/categoria/smartphones-y-wearables/accesorios-celulares/cables,200,True,910,11,True,12/01/2026 08:23:10 Chile
533,Cables Adaptadores Video,/smart-tv-y-audio/accesorios-tv-y-video/cables-adaptadores-video,https://www.pcfactory.cl/categoria/smart-tv-y-audio/accesorios-tv-y-video/cables-adaptadores-video,200,True,723,30,True,12/01/2026 08:23:10 Chile
533,Cables Adaptadores Video,/monitores-y-proyectores/accesorios-de-monitores/cables-adaptadores-video,https://www.pcfactory.cl/categoria/monitores-y-proyectores/accesorios-de-monitores/cables-adaptadores-video,200,True,525,30,True,12/01/2026 08:23:10 Chile
533,Cables Adaptadores Video,/accesorios-y-perifericos/accesorios-de-monitores/cables-adaptadores-video,https://www.pcfactory.cl/categoria/accesorios-y-perifericos/accesorios-de-monitores/cables-adaptadores-video,200,True,864,30,True,12/01/2026 08:23:10 Chile
533,Cables Adaptadores Video,/accesorios-y-perifericos/cables-y-adaptadores/cables-adaptadores-video,https://www.pcfactory.cl/categoria/accesorios-y-perifericos/cables-y-adaptadores/cables-adaptadores-video,200,True,735,30,True,12/01/2026 08:23:10 Chile
532,Cables Adaptadores de Audio,/smart-tv-y-audio/accesorios-de-audio/cables-adaptadores-de-audio,https://www.pcfactory.cl/categoria/smart-tv-y-audio/accesorios-de-audio/cables-adaptadores-de-audio,200,True,888,4,True,12/01/2026 08:23:10 Chile
532,Cables Adaptadores de Audio,/accesorios-y-perifericos/cables-y-adaptadores/cables-adaptadores-de-audio,https://www.pcfactory.cl/categoria/accesorios-y-perifericos/cables-y-adaptadores/cables-adaptadores-de-audio,200,True,927,4,True,12/01/2026 08:23:10 Chile
836,Cables Coaxiales,/conectividad-y-redes/accesorios-red/cables-coaxiales,https://www.pcfactory.cl/categoria/conectividad-y-redes/accesorios-red/cables-coaxiales,200,True,733,2,True,12/01/2026 08:23:10 Chile
836,Cables Coaxiales,/accesorios-y-perifericos/accesorios-red/cables-coaxiales,https://www.pcfactory.cl/categoria/accesorios-y-perifericos/accesorios-red/cables-coaxiales,200,True,542,2,True,12/01/2026 08:23:10 Chile
836,Cables Coaxiales,/accesorios-y-perifericos/cables-y-adaptadores/cables-coaxiales,https://www.pcfactory.cl/categoria/accesorios-y-perifericos/cables-y-adaptadores/cables-coaxiales,200,True,500,2,True,12/01/2026 08:23:10 Chile
534,Cables Datos / USB,/accesorios-y-perifericos/cables-y-adaptadores/cables-datos-usb,https://www.pcfactory.cl/categoria/accesorios-y-perifericos/cables-y-adaptadores/cables-datos-usb,200,True,661,5,True,12/01/2026 08:23:10 Chile
965,Cables Desktop,/partes-y-piezas-componentes/accesorios/cables-desktop,https://www.pcfactory.cl/categoria/partes-y-piezas-componentes/accesorios/cables-desktop,200,True,898,2,True,12/01/2026 08:23:10 Chile
531,Cables Poder,/accesorios-y-perifericos/cables-y-adaptadores/cables-poder,https://www.pcfactory.cl/categoria/accesorios-y-perifericos/cables-y-adaptadores/cables-poder,200,True,910,4,True,12/01/2026 08:23:10 Chile
535,Cables de Red,/conectividad-y-redes/accesorios-red/cables-de-red,https://www.pcfactory.cl/categoria/conectividad-y-redes/accesorios-red/cables-de-red,200,True,976,18,True,12/01/2026 08:23:10 Chile
535,Cables de Red,/oficinas-y-punto-de-venta/conferencias-y-reuniones/cables-de-red,https://www.pcfactory.cl/categoria/oficinas-y-punto-de-venta/conferencias-y-reuniones/cables-de-red,200,True,984,18,True,12/01/2026 08:23:10 Chile
535,Cables de Red,/accesorios-y-perifericos/accesorios-red/cables-de-red,https://www.pcfactory.cl/categoria/accesorios-y-perifericos/accesorios-red/cables-de-red,200,True,882,18,True,12/01/2026 08:23:10 Chile
535,Cables de Red,/accesorios-y-perifericos/cables-y-adaptadores/cables-de-red,https://www.pcfactory.cl/categoria/accesorios-y-perifericos/cables-y-adaptadores/cables-de-red,200,True,745,18,True,12/01/2026 08:23:10 Chile
298,Cables y Adaptadores,/accesorios-y-perifericos/cables-y-adaptadores,https://www.pcfactory.cl/categoria/accesorios-y-perifericos/cables-y-adaptadores,200,True,645,68,True,12/01/2026 08:23:10 Chile
823,Calculadoras,/oficinas-y-punto-de-venta/oficinas/calculadoras,https://www.pcfactory.cl/categoria/oficinas-y-punto-de-venta/oficinas/calculadoras,200,True,499,6,True,12/01/2026 08:23:10 Chile
557,Candados y Seguridad,/accesorios-y-perifericos/accesorios-notebooks/candados-y-seguridad,https://www.pcfactory.cl/categoria/accesorios-y-perifericos/accesorios-notebooks/candados-y-seguridad,200,True,591,7,True,12/01/2026 08:23:10 Chile
557,Candados y Seguridad,/computadores-y-tablets/accesorios-notebooks/candados-y-seguridad,https://www.pcfactory.cl/categoria/computadores-y-tablets/accesorios-notebooks/candados-y-seguridad,200,True,528,7,True,12/01/2026 08:23:10 Chile
689,Carcasas,/accesorios-y-perifericos/accesorios-celulares/carcasas,https://www.pcfactory.cl/categoria/accesorios-y-perifericos/accesorios-celulares/carcasas,200,True,985,27,True,12/01/2026 08:23:10 Chile
689,Carcasas,/smartphones-y-wearables/accesorios-celulares/carcasas,https://www.pcfactory.cl/categoria/smartphones-y-wearables/accesorios-celulares/carcasas,200,True,862,27,True,12/01/2026 08:23:10 Chile
543,Cargadores Notebooks,/oficinas-y-punto-de-venta/ups-baterias-y-cargadores/cargadores-notebooks,https://www.pcfactory.cl/categoria/oficinas-y-punto-de-venta/ups-baterias-y-cargadores/cargadores-notebooks,200,True,730,10,True,12/01/2026 08:23:10 Chile
543,Cargadores Notebooks,/accesorios-y-perifericos/accesorios-notebooks/cargadores-notebooks,https://www.pcfactory.cl/categoria/accesorios-y-perifericos/accesorios-notebooks/cargadores-notebooks,200,True,785,10,True,12/01/2026 08:23:10 Chile
543,Cargadores Notebooks,/ups-energia-y-energia-solar/cargadores-notebooks,https://www.pcfactory.cl/categoria/ups-energia-y-energia-solar/cargadores-notebooks,200,True,773,10,True,12/01/2026 08:23:10 Chile
543,Cargadores Notebooks,/computadores-y-tablets/accesorios-notebooks/cargadores-notebooks,https://www.pcfactory.cl/categoria/computadores-y-tablets/accesorios-notebooks/cargadores-notebooks,200,True,503,10,True,12/01/2026 08:23:10 Chile
692,Cargadores para Automóvil,/automovil-gps-y-outdoor/automovil/cargadores-para-automovil,https://www.pcfactory.cl/categoria/automovil-gps-y-outdoor/automovil/cargadores-para-automovil,200,True,1041,1,True,12/01/2026 08:23:10 Chile
692,Cargadores para Automóvil,/accesorios-y-perifericos/accesorios-celulares/cargadores-para-automovil,https://www.pcfactory.cl/categoria/accesorios-y-perifericos/accesorios-celulares/cargadores-para-automovil,200,True,627,1,True,12/01/2026 08:23:10 Chile
692,Cargadores para Automóvil,/smartphones-y-wearables/accesorios-celulares/cargadores-para-automovil,https://www.pcfactory.cl/categoria/smartphones-y-wearables/accesorios-celulares/cargadores-para-automovil,200,True,578,1,True,12/01/2026 08:23:10 Chile
693,Cargadores para casa,/accesorios-y-perifericos/accesorios-celulares/cargadores-para-casa,https://www.pcfactory.cl/categoria/accesorios-y-perifericos/accesorios-celulares/cargadores-para-casa,200,True,983,11,True,12/01/2026 08:23:10 Chile
693,Cargadores para casa,/smartphones-y-wearables/accesorios-celulares/cargadores-para-casa,https://www.pcfactory.cl/categoria/smartphones-y-wearables/accesorios-celulares/cargadores-para-casa,200,True,1035,11,True,12/01/2026 08:23:10 Chile
12,Cartuchos de Tinta y Botellas para Impresoras,/oficinas-y-punto-de-venta/suministros-de-oficina/cartuchos-de-tinta-y-botellas-para-impresoras,https://www.pcfactory.cl/categoria/oficinas-y-punto-de-venta/suministros-de-oficina/cartuchos-de-tinta-y-botellas-para-impresoras,200,True,960,104,True,12/01/2026 08:23:10 Chile
12,Cartuchos de Tinta y Botellas para Impresoras,/impresoras-y-suministros/suministros-impresoras/cartuchos-de-tinta-y-botellas-para-impresoras,https://www.pcfactory.cl/categoria/impresoras-y-suministros/suministros-impresoras/cartuchos-de-tinta-y-botellas-para-impresoras,200,True,683,104,True,12/01/2026 08:23:10 Chile
973,Cartuchos de Tinta y Botellas para Plotter,/oficinas-y-punto-de-venta/suministros-de-oficina/cartuchos-de-tinta-y-botellas-para-plotter,https://www.pcfactory.cl/categoria/oficinas-y-punto-de-venta/suministros-de-oficina/cartuchos-de-tinta-y-botellas-para-plotter,200,True,573,9,True,12/01/2026 08:23:10 Chile
973,Cartuchos de Tinta y Botellas para Plotter,/impresoras-y-suministros/suministros-impresoras/cartuchos-de-tinta-y-botellas-para-plotter,https://www.pcfactory.cl/categoria/impresoras-y-suministros/suministros-impresoras/cartuchos-de-tinta-y-botellas-para-plotter,200,True,893,9,True,12/01/2026 08:23:10 Chile
442,Cintas (Rotuladoras),/oficinas-y-punto-de-venta/suministros-de-oficina/cintas-rotuladoras,https://www.pcfactory.cl/categoria/oficinas-y-punto-de-venta/suministros-de-oficina/cintas-rotuladoras,200,True,946,17,True,12/01/2026 08:23:10 Chile
442,Cintas (Rotuladoras),/impresoras-y-suministros/suministros-impresoras/cintas-rotuladoras,https://www.pcfactory.cl/categoria/impresoras-y-suministros/suministros-impresoras/cintas-rotuladoras,200,True,607,17,True,12/01/2026 08:23:10 Chile
418,Combos Teclado / Mouse,/accesorios-y-perifericos/mouses-y-teclados/combos-teclado-mouse,https://www.pcfactory.cl/categoria/accesorios-y-perifericos/mouses-y-teclados/combos-teclado-mouse,200,True,562,18,True,12/01/2026 08:23:10 Chile
418,Combos Teclado / Mouse,/computadores-y-tablets/mouses-y-teclados/combos-teclado-mouse,https://www.pcfactory.cl/categoria/computadores-y-tablets/mouses-y-teclados/combos-teclado-mouse,200,True,653,18,True,12/01/2026 08:23:10 Chile
827,Complementos POS,/oficinas-y-punto-de-venta/complementos-pos,https://www.pcfactory.cl/categoria/oficinas-y-punto-de-venta/complementos-pos,200,True,701,175,True,12/01/2026 08:23:10 Chile
922,Componentes Electrónicos,/electronica-y-robotica/electronica/componentes-electronicos,https://www.pcfactory.cl/categoria/electronica-y-robotica/electronica/componentes-electronicos,200,True,507,25,True,12/01/2026 08:23:10 Chile
636,Computadores y Tablets,/computadores-y-tablets,https://www.pcfactory.cl/categoria/computadores-y-tablets,200,True,672,446,True,12/01/2026 08:23:10 Chile
893,Comunicación,/smart-tv-y-audio/comunicacion,https://www.pcfactory.cl/categoria/smart-tv-y-audio/comunicacion,200,True,497,13,True,12/01/2026 08:23:10 Chile
634,Conectividad y Redes,/conectividad-y-redes,https://www.pcfactory.cl/categoria/conectividad-y-redes,200,True,954,228,True,12/01/2026 08:23:10 Chile
650,Conectores de Red,/conectividad-y-redes/accesorios-red/conectores-de-red,https://www.pcfactory.cl/categoria/conectividad-y-redes/accesorios-red/conectores-de-red,200,True,906,40,True,12/01/2026 08:23:10 Chile
650,Conectores de Red,/oficinas-y-punto-de-venta/conferencias-y-reuniones/conectores-de-red,https://www.pcfactory.cl/categoria/oficinas-y-punto-de-venta/conferencias-y-reuniones/conectores-de-red,200,True,1011,40,True,12/01/2026 08:23:10 Chile
650,Conectores de Red,/accesorios-y-perifericos/accesorios-red/conectores-de-red,https://www.pcfactory.cl/categoria/accesorios-y-perifericos/accesorios-red/conectores-de-red,200,True,622,40,True,12/01/2026 08:23:10 Chile
1080,Conferencias y Reuniones,/oficinas-y-punto-de-venta/conferencias-y-reuniones,https://www.pcfactory.cl/categoria/oficinas-y-punto-de-venta/conferencias-y-reuniones,200,True,1024,73,True,12/01/2026 08:23:10 Chile
665,Consolas,/gamer-y-poder-grafico/consolas/consolas,https://www.pcfactory.cl/categoria/gamer-y-poder-grafico/consolas/consolas,200,True,967,5,True,12/01/2026 08:23:10 Chile
438,Consolas,/gamer-y-poder-grafico/consolas,https://www.pcfactory.cl/categoria/gamer-y-poder-grafico/consolas,200,True,855,5,True,12/01/2026 08:23:10 Chile
661,Controles,/gamer-y-poder-grafico/controles,https://www.pcfactory.cl/categoria/gamer-y-poder-grafico/controles,200,True,792,7,True,12/01/2026 08:23:10 Chile
806,Controles TV,/smart-tv-y-audio/accesorios-tv-y-video/controles-tv,https://www.pcfactory.cl/categoria/smart-tv-y-audio/accesorios-tv-y-video/controles-tv,200,True,498,2,True,12/01/2026 08:23:10 Chile
881,Cámaras Análogas,/hogar-y-seguridad/seguridad/camaras-analogas,https://www.pcfactory.cl/categoria/hogar-y-seguridad/seguridad/camaras-analogas,200,True,516,2,True,12/01/2026 08:23:10 Chile
881,Cámaras Análogas,/conectividad-y-redes/seguridad/camaras-analogas,https://www.pcfactory.cl/categoria/conectividad-y-redes/seguridad/camaras-analogas,200,True,801,2,True,12/01/2026 08:23:10 Chile
6,Cámaras Compactas,/video-fotografia-y-drones/camaras-compactas,https://www.pcfactory.cl/categoria/video-fotografia-y-drones/camaras-compactas,200,True,525,2,True,12/01/2026 08:23:10 Chile
472,Cámaras IP,/hogar-y-seguridad/seguridad/camaras-ip,https://www.pcfactory.cl/categoria/hogar-y-seguridad/seguridad/camaras-ip,200,True,900,32,True,12/01/2026 08:23:10 Chile
472,Cámaras IP,/conectividad-y-redes/seguridad/camaras-ip,https://www.pcfactory.cl/categoria/conectividad-y-redes/seguridad/camaras-ip,200,True,743,32,True,12/01/2026 08:23:10 Chile
963,Cámaras Instantáneas,/video-fotografia-y-drones/camaras-instantaneas,https://www.pcfactory.cl/categoria/video-fotografia-y-drones/camaras-instantaneas,200,True,909,9,True,12/01/2026 08:23:10 Chile
708,Cámaras Mirrorless,/video-fotografia-y-drones/camaras-mirrorless,https://www.pcfactory.cl/categoria/video-fotografia-y-drones/camaras-mirrorless,200,True,578,2,True,12/01/2026 08:23:10 Chile
619,Cámaras de Acción,/video-fotografia-y-drones/camaras-de-accion,https://www.pcfactory.cl/categoria/video-fotografia-y-drones/camaras-de-accion,200,True,1064,9,True,12/01/2026 08:23:10 Chile
1097,Códigos Digitales,/computadores-y-tablets/codigos-digitales,https://www.pcfactory.cl/categoria/computadores-y-tablets/codigos-digitales,200,True,744,4,True,12/01/2026 08:23:10 Chile
1098,Códigos Microsoft 365,/computadores-y-tablets/codigos-digitales/codigos-microsoft-365,https://www.pcfactory.cl/categoria/computadores-y-tablets/codigos-digitales/codigos-microsoft-365,200,True,784,3,True,12/01/2026 08:23:10 Chile
1134,Códigos Windows,/computadores-y-tablets/codigos-digitales/codigos-windows,https://www.pcfactory.cl/categoria/computadores-y-tablets/codigos-digitales/codigos-windows,200,True,643,1,True,12/01/2026 08:23:10 Chile
370,DVD,/partes-y-piezas-componentes/opticos/dvd,https://www.pcfactory.cl/categoria/partes-y-piezas-componentes/opticos/dvd,200,True,611,1,True,12/01/2026 08:23:10 Chile
1300,Desktop,/oficinas-y-punto-de-venta/complementos-pos/desktop,https://www.pcfactory.cl/categoria/oficinas-y-punto-de-venta/complementos-pos/desktop,200,True,790,6,True,12/01/2026 08:23:10 Chile
1300,Desktop,/computadores-y-tablets/escritorio/desktop,https://www.pcfactory.cl/categoria/computadores-y-tablets/escritorio/desktop,200,True,601,6,True,12/01/2026 08:23:10 Chile
340,Discos Duros PC,/almacenamiento-y-discos-duros/discos-duros-pc,https://www.pcfactory.cl/categoria/almacenamiento-y-discos-duros/discos-duros-pc,200,True,963,2,True,12/01/2026 08:23:10 Chile
340,Discos Duros PC,/partes-y-piezas-componentes/almacenamiento/discos-duros-pc,https://www.pcfactory.cl/categoria/partes-y-piezas-componentes/almacenamiento/discos-duros-pc,200,True,892,2,True,12/01/2026 08:23:10 Chile
422,Discos Externos,/almacenamiento-y-discos-duros/discos-externos,https://www.pcfactory.cl/categoria/almacenamiento-y-discos-duros/discos-externos,200,True,863,7,True,12/01/2026 08:23:10 Chile
422,Discos Externos,/partes-y-piezas-componentes/almacenamiento/discos-externos,https://www.pcfactory.cl/categoria/partes-y-piezas-componentes/almacenamiento/discos-externos,200,True,940,7,True,12/01/2026 08:23:10 Chile
585,Discos SSD,/almacenamiento-y-discos-duros/discos-ssd,https://www.pcfactory.cl/categoria/almacenamiento-y-discos-duros/discos-ssd,200,True,950,12,True,12/01/2026 08:23:10 Chile
585,Discos SSD,/partes-y-piezas-componentes/almacenamiento/discos-ssd,https://www.pcfactory.cl/categoria/partes-y-piezas-componentes/almacenamiento/discos-ssd,200,True,572,12,True,12/01/2026 08:23:10 Chile
411,Discos Servers,/computadores-y-tablets/servidores/discos-servers,https://www.pcfactory.cl/categoria/computadores-y-tablets/servidores/discos-servers,200,True,669,12,True,12/01/2026 08:23:10 Chile
546,Docking / Hub USB,/accesorios-y-perifericos/adaptadores-y-conversores/docking-hub-usb,https://www.pcfactory.cl/categoria/accesorios-y-perifericos/adaptadores-y-conversores/docking-hub-usb,200,True,623,15,True,12/01/2026 08:23:10 Chile
546,Docking / Hub USB,/accesorios-y-perifericos/accesorios-notebooks/docking-hub-usb,https://www.pcfactory.cl/categoria/accesorios-y-perifericos/accesorios-notebooks/docking-hub-usb,200,True,580,15,True,12/01/2026 08:23:10 Chile
546,Docking / Hub USB,/computadores-y-tablets/accesorios-notebooks/docking-hub-usb,https://www.pcfactory.cl/categoria/computadores-y-tablets/accesorios-notebooks/docking-hub-usb,200,True,589,15,True,12/01/2026 08:23:10 Chile
920,Electrónica,/electronica-y-robotica/electronica,https://www.pcfactory.cl/categoria/electronica-y-robotica/electronica,200,True,658,88,True,12/01/2026 08:23:10 Chile
914,Electrónica y Robótica,/electronica-y-robotica,https://www.pcfactory.cl/categoria/electronica-y-robotica,200,True,707,91,True,12/01/2026 08:23:10 Chile
342,Enclosure (Cofres),/almacenamiento-y-discos-duros/enclosure-cofres,https://www.pcfactory.cl/categoria/almacenamiento-y-discos-duros/enclosure-cofres,200,True,718,5,True,12/01/2026 08:23:10 Chile
342,Enclosure (Cofres),/partes-y-piezas-componentes/almacenamiento/enclosure-cofres,https://www.pcfactory.cl/categoria/partes-y-piezas-componentes/almacenamiento/enclosure-cofres,200,True,920,5,True,12/01/2026 08:23:10 Chile
851,Equipos DJ,/smart-tv-y-audio/equipos-dj,https://www.pcfactory.cl/categoria/smart-tv-y-audio/equipos-dj,200,True,618,1,True,12/01/2026 08:23:10 Chile
770,Equipos de Corte y Estampado,/impresoras-y-suministros/impresoras-formatos-especiales/equipos-de-corte-y-estampado,https://www.pcfactory.cl/categoria/impresoras-y-suministros/impresoras-formatos-especiales/equipos-de-corte-y-estampado,200,True,605,2,True,12/01/2026 08:23:10 Chile
889,Equipos de Música,/smart-tv-y-audio/equipos-de-musica,https://www.pcfactory.cl/categoria/smart-tv-y-audio/equipos-de-musica,200,True,624,5,True,12/01/2026 08:23:10 Chile
737,Escritorio,/computadores-y-tablets/escritorio,https://www.pcfactory.cl/categoria/computadores-y-tablets/escritorio,200,True,747,17,True,12/01/2026 08:23:10 Chile
719,Extensores de Red,/conectividad-y-redes/extensores-de-red,https://www.pcfactory.cl/categoria/conectividad-y-redes/extensores-de-red,200,True,721,6,True,12/01/2026 08:23:10 Chile
943,Filtros,/video-fotografia-y-drones/accesorios-camaras/filtros,https://www.pcfactory.cl/categoria/video-fotografia-y-drones/accesorios-camaras/filtros,200,True,936,2,True,12/01/2026 08:23:10 Chile
943,Filtros,/accesorios-y-perifericos/accesorios-camaras/filtros,https://www.pcfactory.cl/categoria/accesorios-y-perifericos/accesorios-camaras/filtros,200,True,756,2,True,12/01/2026 08:23:10 Chile
54,Fuentes de Poder (PSU),/partes-y-piezas-componentes/fuentes-de-poder-psu,https://www.pcfactory.cl/categoria/partes-y-piezas-componentes/fuentes-de-poder-psu,200,True,640,8,True,12/01/2026 08:23:10 Chile
544,Fundas Discos Duros,/almacenamiento-y-discos-duros/fundas-discos-duros,https://www.pcfactory.cl/categoria/almacenamiento-y-discos-duros/fundas-discos-duros,200,True,728,3,True,12/01/2026 08:23:10 Chile
544,Fundas Discos Duros,/accesorios-y-perifericos/bolsos-y-fundas/fundas-discos-duros,https://www.pcfactory.cl/categoria/accesorios-y-perifericos/bolsos-y-fundas/fundas-discos-duros,200,True,828,3,True,12/01/2026 08:23:10 Chile
326,Gabinetes,/partes-y-piezas-componentes/gabinetes,https://www.pcfactory.cl/categoria/partes-y-piezas-componentes/gabinetes,200,True,848,4,True,12/01/2026 08:23:10 Chile
16,Gabinetes con Fuente,/partes-y-piezas-componentes/gabinetes/gabinetes-con-fuente,https://www.pcfactory.cl/categoria/partes-y-piezas-componentes/gabinetes/gabinetes-con-fuente,200,True,711,2,True,12/01/2026 08:23:10 Chile
328,Gabinetes sin Fuente,/partes-y-piezas-componentes/gabinetes/gabinetes-sin-fuente,https://www.pcfactory.cl/categoria/partes-y-piezas-componentes/gabinetes/gabinetes-sin-fuente,200,True,902,2,True,12/01/2026 08:23:10 Chile
1320,Gamer y Poder Gráfico,/gamer-y-poder-grafico,https://www.pcfactory.cl/categoria/gamer-y-poder-grafico,200,True,746,30,True,12/01/2026 08:23:10 Chile
721,Grabadoras DVR y NVR,/hogar-y-seguridad/seguridad/grabadoras-dvr-y-nvr,https://www.pcfactory.cl/categoria/hogar-y-seguridad/seguridad/grabadoras-dvr-y-nvr,200,True,764,2,True,12/01/2026 08:23:10 Chile
721,Grabadoras DVR y NVR,/conectividad-y-redes/seguridad/grabadoras-dvr-y-nvr,https://www.pcfactory.cl/categoria/conectividad-y-redes/seguridad/grabadoras-dvr-y-nvr,200,True,723,2,True,12/01/2026 08:23:10 Chile
529,Grabadoras de voz,/smart-tv-y-audio/comunicacion/grabadoras-de-voz,https://www.pcfactory.cl/categoria/smart-tv-y-audio/comunicacion/grabadoras-de-voz,200,True,955,6,True,12/01/2026 08:23:10 Chile
547,Herramientas,/accesorios-y-perifericos/herramientas,https://www.pcfactory.cl/categoria/accesorios-y-perifericos/herramientas,200,True,746,7,True,12/01/2026 08:23:10 Chile
746,Hogar y Seguridad,/hogar-y-seguridad,https://www.pcfactory.cl/categoria/hogar-y-seguridad,200,True,650,54,True,12/01/2026 08:23:10 Chile
984,Iluminación y Efectos,/smart-tv-y-audio/equipos-dj/equipos-dj,https://www.pcfactory.cl/categoria/smart-tv-y-audio/equipos-dj/equipos-dj,200,True,923,1,True,12/01/2026 08:23:10 Chile
749,Iluminación y Enchufes Inteligentes,/hogar-y-seguridad/smart-home-domotica/iluminacion-y-enchufes-inteligentes,https://www.pcfactory.cl/categoria/hogar-y-seguridad/smart-home-domotica/iluminacion-y-enchufes-inteligentes,200,True,628,3,True,12/01/2026 08:23:10 Chile
948,Ilustración y Diseño,/computadores-y-tablets/ilustracion-y-diseno,https://www.pcfactory.cl/categoria/computadores-y-tablets/ilustracion-y-diseno,200,True,569,10,True,12/01/2026 08:23:10 Chile
712,Impresoras 3D,/impresoras-y-suministros/impresoras-formatos-especiales/impresoras-3d,https://www.pcfactory.cl/categoria/impresoras-y-suministros/impresoras-formatos-especiales/impresoras-3d,200,True,1041,10,True,12/01/2026 08:23:10 Chile
780,Impresoras Formatos Especiales,/impresoras-y-suministros/impresoras-formatos-especiales,https://www.pcfactory.cl/categoria/impresoras-y-suministros/impresoras-formatos-especiales,200,True,983,36,True,12/01/2026 08:23:10 Chile
262,Impresoras Hogar y Oficina,/oficinas-y-punto-de-venta/impresoras-hogar-y-oficina,https://www.pcfactory.cl/categoria/oficinas-y-punto-de-venta/impresoras-hogar-y-oficina,200,True,578,27,True,12/01/2026 08:23:10 Chile
262,Impresoras Hogar y Oficina,/impresoras-y-suministros/impresoras-hogar-y-oficina,https://www.pcfactory.cl/categoria/impresoras-y-suministros/impresoras-hogar-y-oficina,200,True,848,27,True,12/01/2026 08:23:10 Chile
246,Impresoras Láser,/oficinas-y-punto-de-venta/impresoras-hogar-y-oficina/impresoras-laser,https://www.pcfactory.cl/categoria/oficinas-y-punto-de-venta/impresoras-hogar-y-oficina/impresoras-laser,200,True,828,5,True,12/01/2026 08:23:10 Chile
246,Impresoras Láser,/impresoras-y-suministros/impresoras-hogar-y-oficina/impresoras-laser,https://www.pcfactory.cl/categoria/impresoras-y-suministros/impresoras-hogar-y-oficina/impresoras-laser,200,True,542,5,True,12/01/2026 08:23:10 Chile
18,Impresoras Tinta,/oficinas-y-punto-de-venta/impresoras-hogar-y-oficina/impresoras-tinta,https://www.pcfactory.cl/categoria/oficinas-y-punto-de-venta/impresoras-hogar-y-oficina/impresoras-tinta,200,True,740,1,True,12/01/2026 08:23:10 Chile
18,Impresoras Tinta,/impresoras-y-suministros/impresoras-hogar-y-oficina/impresoras-tinta,https://www.pcfactory.cl/categoria/impresoras-y-suministros/impresoras-hogar-y-oficina/impresoras-tinta,200,True,778,1,True,12/01/2026 08:23:10 Chile
638,Impresoras y Suministros,/impresoras-y-suministros,https://www.pcfactory.cl/categoria/impresoras-y-suministros,200,True,638,285,True,12/01/2026 08:23:10 Chile
921,Interfaz de Usuario,/electronica-y-robotica/electronica/interfaz-de-usuario,https://www.pcfactory.cl/categoria/electronica-y-robotica/electronica/interfaz-de-usuario,200,True,870,4,True,12/01/2026 08:23:10 Chile
1331,Internet Satelital,/conectividad-y-redes/internet-satelital,https://www.pcfactory.cl/categoria/conectividad-y-redes/internet-satelital,200,True,852,2,True,12/01/2026 08:23:10 Chile
466,Joysticks Consolas,/gamer-y-poder-grafico/controles/joysticks-consolas,https://www.pcfactory.cl/categoria/gamer-y-poder-grafico/controles/joysticks-consolas,200,True,829,7,True,12/01/2026 08:23:10 Chile
1090,Juegos de Consola,/gamer-y-poder-grafico/juegos-de-consola,https://www.pcfactory.cl/categoria/gamer-y-poder-grafico/juegos-de-consola,200,True,757,2,True,12/01/2026 08:23:10 Chile
28,Kits de Vigilancia,/hogar-y-seguridad/seguridad/kits-de-vigilancia,https://www.pcfactory.cl/categoria/hogar-y-seguridad/seguridad/kits-de-vigilancia,200,True,978,3,True,12/01/2026 08:23:10 Chile
28,Kits de Vigilancia,/conectividad-y-redes/seguridad/kits-de-vigilancia,https://www.pcfactory.cl/categoria/conectividad-y-redes/seguridad/kits-de-vigilancia,200,True,758,3,True,12/01/2026 08:23:10 Chile
562,Lectores de Memorias,/partes-y-piezas-componentes/memorias/lectores-de-memorias,https://www.pcfactory.cl/categoria/partes-y-piezas-componentes/memorias/lectores-de-memorias,200,True,990,1,True,12/01/2026 08:23:10 Chile
624,Lentes,/video-fotografia-y-drones/accesorios-camaras/lentes,https://www.pcfactory.cl/categoria/video-fotografia-y-drones/accesorios-camaras/lentes,200,True,575,1,True,12/01/2026 08:23:10 Chile
624,Lentes,/accesorios-y-perifericos/accesorios-camaras/lentes,https://www.pcfactory.cl/categoria/accesorios-y-perifericos/accesorios-camaras/lentes,200,True,777,1,True,12/01/2026 08:23:10 Chile
589,Licenciamientos,/computadores-y-tablets/softwares/licenciamientos,https://www.pcfactory.cl/categoria/computadores-y-tablets/softwares/licenciamientos,200,True,651,2,True,12/01/2026 08:23:10 Chile
561,Láminas protectoras,/accesorios-y-perifericos/bolsos-y-fundas/laminas-protectoras,https://www.pcfactory.cl/categoria/accesorios-y-perifericos/bolsos-y-fundas/laminas-protectoras,200,True,701,5,True,12/01/2026 08:23:10 Chile
561,Láminas protectoras,/accesorios-y-perifericos/accesorios-celulares/laminas-protectoras,https://www.pcfactory.cl/categoria/accesorios-y-perifericos/accesorios-celulares/laminas-protectoras,200,True,845,5,True,12/01/2026 08:23:10 Chile
561,Láminas protectoras,/smartphones-y-wearables/accesorios-celulares/laminas-protectoras,https://www.pcfactory.cl/categoria/smartphones-y-wearables/accesorios-celulares/laminas-protectoras,200,True,788,5,True,12/01/2026 08:23:10 Chile
558,Lápices Tablets,/accesorios-y-perifericos/accesorios-tablets/lapices-tablets,https://www.pcfactory.cl/categoria/accesorios-y-perifericos/accesorios-tablets/lapices-tablets,200,True,655,1,True,12/01/2026 08:23:10 Chile
558,Lápices Tablets,/computadores-y-tablets/accesorios-tablets/lapices-tablets,https://www.pcfactory.cl/categoria/computadores-y-tablets/accesorios-tablets/lapices-tablets,200,True,489,1,True,12/01/2026 08:23:10 Chile
548,Mantención / Limpieza,/accesorios-y-perifericos/mantencion-limpieza,https://www.pcfactory.cl/categoria/accesorios-y-perifericos/mantencion-limpieza,200,True,523,5,True,12/01/2026 08:23:10 Chile
264,Memorias,/partes-y-piezas-componentes/memorias,https://www.pcfactory.cl/categoria/partes-y-piezas-componentes/memorias,200,True,832,8,True,12/01/2026 08:23:10 Chile
48,Memorias Flash,/video-fotografia-y-drones/accesorios-camaras/memorias-flash,https://www.pcfactory.cl/categoria/video-fotografia-y-drones/accesorios-camaras/memorias-flash,200,True,628,11,True,12/01/2026 08:23:10 Chile
48,Memorias Flash,/almacenamiento-y-discos-duros/memorias-flash,https://www.pcfactory.cl/categoria/almacenamiento-y-discos-duros/memorias-flash,200,True,784,11,True,12/01/2026 08:23:10 Chile
48,Memorias Flash,/accesorios-y-perifericos/accesorios-camaras/memorias-flash,https://www.pcfactory.cl/categoria/accesorios-y-perifericos/accesorios-camaras/memorias-flash,200,True,635,11,True,12/01/2026 08:23:10 Chile
48,Memorias Flash,/partes-y-piezas-componentes/almacenamiento/memorias-flash,https://www.pcfactory.cl/categoria/partes-y-piezas-componentes/almacenamiento/memorias-flash,200,True,571,11,True,12/01/2026 08:23:10 Chile
100,Memorias Notebook,/partes-y-piezas-componentes/memorias/memorias-notebook,https://www.pcfactory.cl/categoria/partes-y-piezas-componentes/memorias/memorias-notebook,200,True,995,4,True,12/01/2026 08:23:10 Chile
112,Memorias PC,/partes-y-piezas-componentes/memorias/memorias-pc,https://www.pcfactory.cl/categoria/partes-y-piezas-componentes/memorias/memorias-pc,200,True,556,3,True,12/01/2026 08:23:10 Chile
266,Memorias Servidores,/computadores-y-tablets/servidores/memorias-servidores,https://www.pcfactory.cl/categoria/computadores-y-tablets/servidores/memorias-servidores,200,True,826,5,True,12/01/2026 08:23:10 Chile
868,Micrófonos Dinámicos,/smart-tv-y-audio/sonido/microfonos-dinamicos,https://www.pcfactory.cl/categoria/smart-tv-y-audio/sonido/microfonos-dinamicos,200,True,608,5,True,12/01/2026 08:23:10 Chile
528,Micrófonos PC,/oficinas-y-punto-de-venta/conferencias-y-reuniones/microfonos-pc,https://www.pcfactory.cl/categoria/oficinas-y-punto-de-venta/conferencias-y-reuniones/microfonos-pc,200,True,755,7,True,12/01/2026 08:23:10 Chile
528,Micrófonos PC,/smart-tv-y-audio/comunicacion/microfonos-pc,https://www.pcfactory.cl/categoria/smart-tv-y-audio/comunicacion/microfonos-pc,200,True,840,7,True,12/01/2026 08:23:10 Chile
528,Micrófonos PC,/accesorios-y-perifericos/accesorios-notebooks/microfonos-pc,https://www.pcfactory.cl/categoria/accesorios-y-perifericos/accesorios-notebooks/microfonos-pc,200,True,739,7,True,12/01/2026 08:23:10 Chile
528,Micrófonos PC,/computadores-y-tablets/accesorios-notebooks/microfonos-pc,https://www.pcfactory.cl/categoria/computadores-y-tablets/accesorios-notebooks/microfonos-pc,200,True,915,7,True,12/01/2026 08:23:10 Chile
1095,Monitoreo de Vehículos,/automovil-gps-y-outdoor/automovil/monitoreo-de-vehiculos,https://www.pcfactory.cl/categoria/automovil-gps-y-outdoor/automovil/monitoreo-de-vehiculos,200,True,564,2,True,12/01/2026 08:23:10 Chile
995,Monitores,/oficinas-y-punto-de-venta/complementos-pos/monitores,https://www.pcfactory.cl/categoria/oficinas-y-punto-de-venta/complementos-pos/monitores,200,True,912,63,True,12/01/2026 08:23:10 Chile
995,Monitores,/monitores-y-proyectores/monitores,https://www.pcfactory.cl/categoria/monitores-y-proyectores/monitores,200,True,815,63,True,12/01/2026 08:23:10 Chile
256,Monitores y Proyectores,/monitores-y-proyectores,https://www.pcfactory.cl/categoria/monitores-y-proyectores,200,True,707,137,True,12/01/2026 08:23:10 Chile
226,MousePads,/accesorios-y-perifericos/mouses-y-teclados/mousepads,https://www.pcfactory.cl/categoria/accesorios-y-perifericos/mouses-y-teclados/mousepads,200,True,760,13,True,12/01/2026 08:23:10 Chile
226,MousePads,/computadores-y-tablets/mouses-y-teclados/mousepads,https://www.pcfactory.cl/categoria/computadores-y-tablets/mouses-y-teclados/mousepads,200,True,766,13,True,12/01/2026 08:23:10 Chile
1302,Mouses,/oficinas-y-punto-de-venta/complementos-pos/mouses,https://www.pcfactory.cl/categoria/oficinas-y-punto-de-venta/complementos-pos/mouses,200,True,921,64,True,12/01/2026 08:23:10 Chile
1302,Mouses,/accesorios-y-perifericos/mouses-y-teclados/mouses,https://www.pcfactory.cl/categoria/accesorios-y-perifericos/mouses-y-teclados/mouses,200,True,620,64,True,12/01/2026 08:23:10 Chile
1302,Mouses,/computadores-y-tablets/mouses-y-teclados/mouses,https://www.pcfactory.cl/categoria/computadores-y-tablets/mouses-y-teclados/mouses,200,True,926,64,True,12/01/2026 08:23:10 Chile
304,Mouses y Teclados,/accesorios-y-perifericos/mouses-y-teclados,https://www.pcfactory.cl/categoria/accesorios-y-perifericos/mouses-y-teclados,200,True,501,128,True,12/01/2026 08:23:10 Chile
304,Mouses y Teclados,/computadores-y-tablets/mouses-y-teclados,https://www.pcfactory.cl/categoria/computadores-y-tablets/mouses-y-teclados,200,True,769,128,True,12/01/2026 08:23:10 Chile
769,Multifuncionales Laser,/oficinas-y-punto-de-venta/impresoras-hogar-y-oficina/multifuncionales-laser,https://www.pcfactory.cl/categoria/oficinas-y-punto-de-venta/impresoras-hogar-y-oficina/multifuncionales-laser,200,True,746,4,True,12/01/2026 08:23:10 Chile
769,Multifuncionales Laser,/impresoras-y-suministros/impresoras-hogar-y-oficina/multifuncionales-laser,https://www.pcfactory.cl/categoria/impresoras-y-suministros/impresoras-hogar-y-oficina/multifuncionales-laser,200,True,1049,4,True,12/01/2026 08:23:10 Chile
236,Multifuncionales Tinta,/oficinas-y-punto-de-venta/impresoras-hogar-y-oficina/multifuncionales-tinta,https://www.pcfactory.cl/categoria/oficinas-y-punto-de-venta/impresoras-hogar-y-oficina/multifuncionales-tinta,200,True,1057,17,True,12/01/2026 08:23:10 Chile
236,Multifuncionales Tinta,/impresoras-y-suministros/impresoras-hogar-y-oficina/multifuncionales-tinta,https://www.pcfactory.cl/categoria/impresoras-y-suministros/impresoras-hogar-y-oficina/multifuncionales-tinta,200,True,1026,17,True,12/01/2026 08:23:10 Chile
735,Notebooks,/computadores-y-tablets/notebooks,https://www.pcfactory.cl/categoria/computadores-y-tablets/notebooks,200,True,710,59,True,12/01/2026 08:23:10 Chile
425,Notebooks,/computadores-y-tablets/notebooks/notebooks,https://www.pcfactory.cl/categoria/computadores-y-tablets/notebooks/notebooks,200,True,888,59,True,12/01/2026 08:23:10 Chile
916,Notebooks Gamer,/gamer-y-poder-grafico/notebooks-gamer,https://www.pcfactory.cl/categoria/gamer-y-poder-grafico/notebooks-gamer,200,True,1026,23,True,12/01/2026 08:23:10 Chile
916,Notebooks Gamer,/computadores-y-tablets/notebooks/notebooks-gamer,https://www.pcfactory.cl/categoria/computadores-y-tablets/notebooks/notebooks-gamer,200,True,689,23,True,12/01/2026 08:23:10 Chile
819,Oficinas,/oficinas-y-punto-de-venta/oficinas,https://www.pcfactory.cl/categoria/oficinas-y-punto-de-venta/oficinas,200,True,1001,47,True,12/01/2026 08:23:10 Chile
818,Oficinas y Puntos de Venta,/oficinas-y-punto-de-venta,https://www.pcfactory.cl/categoria/oficinas-y-punto-de-venta,200,True,826,655,True,12/01/2026 08:23:10 Chile
842,Organización de Accesorios,/accesorios-y-perifericos/organizacion-de-accesorios,https://www.pcfactory.cl/categoria/accesorios-y-perifericos/organizacion-de-accesorios,200,True,799,3,True,12/01/2026 08:23:10 Chile
505,Otros Smart Home (Domótica),/hogar-y-seguridad/smart-home-domotica/otros-smart-home-domotica,https://www.pcfactory.cl/categoria/hogar-y-seguridad/smart-home-domotica/otros-smart-home-domotica,200,True,993,3,True,12/01/2026 08:23:10 Chile
809,Otros Suministros Impresión,/impresoras-y-suministros/otros-suministros-impresion,https://www.pcfactory.cl/categoria/impresoras-y-suministros/otros-suministros-impresion,200,True,1017,67,True,12/01/2026 08:23:10 Chile
324,POS Impresoras,/oficinas-y-punto-de-venta/puntos-de-venta-pos/pos-impresoras,https://www.pcfactory.cl/categoria/oficinas-y-punto-de-venta/puntos-de-venta-pos/pos-impresoras,200,True,696,3,True,12/01/2026 08:23:10 Chile
324,POS Impresoras,/impresoras-y-suministros/impresoras-formatos-especiales/pos-impresoras,https://www.pcfactory.cl/categoria/impresoras-y-suministros/impresoras-formatos-especiales/pos-impresoras,200,True,992,3,True,12/01/2026 08:23:10 Chile
824,POS Monitores,/oficinas-y-punto-de-venta/puntos-de-venta-pos/pos-monitores,https://www.pcfactory.cl/categoria/oficinas-y-punto-de-venta/puntos-de-venta-pos/pos-monitores,200,True,791,1,True,12/01/2026 08:23:10 Chile
443,Papeles,/oficinas-y-punto-de-venta/suministros-de-oficina/papeles,https://www.pcfactory.cl/categoria/oficinas-y-punto-de-venta/suministros-de-oficina/papeles,200,True,1008,21,True,12/01/2026 08:23:10 Chile
443,Papeles,/impresoras-y-suministros/otros-suministros-impresion/papeles,https://www.pcfactory.cl/categoria/impresoras-y-suministros/otros-suministros-impresion/papeles,200,True,627,21,True,12/01/2026 08:23:10 Chile
891,Parlantes,/smart-tv-y-audio/parlantes,https://www.pcfactory.cl/categoria/smart-tv-y-audio/parlantes,200,True,609,29,True,12/01/2026 08:23:10 Chile
831,Parlantes PC,/smart-tv-y-audio/parlantes/parlantes-pc,https://www.pcfactory.cl/categoria/smart-tv-y-audio/parlantes/parlantes-pc,200,True,1055,10,True,12/01/2026 08:23:10 Chile
34,Parlantes Portátiles,/smart-tv-y-audio/parlantes/parlantes-portatiles,https://www.pcfactory.cl/categoria/smart-tv-y-audio/parlantes/parlantes-portatiles,200,True,632,19,True,12/01/2026 08:23:10 Chile
633,Partes y Piezas / Componentes,/partes-y-piezas-componentes,https://www.pcfactory.cl/categoria/partes-y-piezas-componentes,200,True,605,140,True,12/01/2026 08:23:10 Chile
646,Pastas Disipadoras,/partes-y-piezas-componentes/refrigeracion/pastas-disipadoras,https://www.pcfactory.cl/categoria/partes-y-piezas-componentes/refrigeracion/pastas-disipadoras,200,True,523,8,True,12/01/2026 08:23:10 Chile
218,Pendrives,/almacenamiento-y-discos-duros/pendrives,https://www.pcfactory.cl/categoria/almacenamiento-y-discos-duros/pendrives,200,True,741,19,True,12/01/2026 08:23:10 Chile
218,Pendrives,/partes-y-piezas-componentes/almacenamiento/pendrives,https://www.pcfactory.cl/categoria/partes-y-piezas-componentes/almacenamiento/pendrives,200,True,861,19,True,12/01/2026 08:23:10 Chile
292,Placas Madres,/partes-y-piezas-componentes/placas-madres,https://www.pcfactory.cl/categoria/partes-y-piezas-componentes/placas-madres,200,True,564,3,True,12/01/2026 08:23:10 Chile
1308,Placas Madres AMD sAM5,/partes-y-piezas-componentes/placas-madres/placas-madres-amd-sam5,https://www.pcfactory.cl/categoria/partes-y-piezas-componentes/placas-madres/placas-madres-amd-sam5,200,True,707,2,True,12/01/2026 08:23:10 Chile
1143,Placas Madres Intel s1700,/partes-y-piezas-componentes/placas-madres/placas-madres-intel-s1700,https://www.pcfactory.cl/categoria/partes-y-piezas-componentes/placas-madres/placas-madres-intel-s1700,200,True,686,1,True,12/01/2026 08:23:10 Chile
927,Placas de Desarrollo,/electronica-y-robotica/electronica/placas-de-desarrollo,https://www.pcfactory.cl/categoria/electronica-y-robotica/electronica/placas-de-desarrollo,200,True,883,3,True,12/01/2026 08:23:10 Chile
821,Plastificadoras de Papel,/oficinas-y-punto-de-venta/oficinas/plastificadoras-de-papel,https://www.pcfactory.cl/categoria/oficinas-y-punto-de-venta/oficinas/plastificadoras-de-papel,200,True,611,12,True,12/01/2026 08:23:10 Chile
815,Plotters,/impresoras-y-suministros/impresoras-formatos-especiales/plotters,https://www.pcfactory.cl/categoria/impresoras-y-suministros/impresoras-formatos-especiales/plotters,200,True,1041,6,True,12/01/2026 08:23:10 Chile
525,Presentadores,/accesorios-y-perifericos/mouses-y-teclados/presentadores,https://www.pcfactory.cl/categoria/accesorios-y-perifericos/mouses-y-teclados/presentadores,200,True,922,2,True,12/01/2026 08:23:10 Chile
525,Presentadores,/computadores-y-tablets/mouses-y-teclados/presentadores,https://www.pcfactory.cl/categoria/computadores-y-tablets/mouses-y-teclados/presentadores,200,True,958,2,True,12/01/2026 08:23:10 Chile
272,Procesadores,/partes-y-piezas-componentes/procesadores,https://www.pcfactory.cl/categoria/partes-y-piezas-componentes/procesadores,200,True,952,18,True,12/01/2026 08:23:10 Chile
46,Proyectores,/monitores-y-proyectores/proyectores,https://www.pcfactory.cl/categoria/monitores-y-proyectores/proyectores,200,True,675,18,True,12/01/2026 08:23:10 Chile
820,Puntos de Venta (POS),/oficinas-y-punto-de-venta/puntos-de-venta-pos,https://www.pcfactory.cl/categoria/oficinas-y-punto-de-venta/puntos-de-venta-pos,200,True,818,6,True,12/01/2026 08:23:10 Chile
958,Realidad Virtual,/accesorios-y-perifericos/accesorios-notebooks/realidad-virtual,https://www.pcfactory.cl/categoria/accesorios-y-perifericos/accesorios-notebooks/realidad-virtual,200,True,767,1,True,12/01/2026 08:23:10 Chile
958,Realidad Virtual,/computadores-y-tablets/accesorios-notebooks/realidad-virtual,https://www.pcfactory.cl/categoria/computadores-y-tablets/accesorios-notebooks/realidad-virtual,200,True,830,1,True,12/01/2026 08:23:10 Chile
42,Refrigeración,/partes-y-piezas-componentes/refrigeracion,https://www.pcfactory.cl/categoria/partes-y-piezas-componentes/refrigeracion,200,True,667,21,True,12/01/2026 08:23:10 Chile
648,Refrigeración CPU,/partes-y-piezas-componentes/refrigeracion/refrigeracion-cpu,https://www.pcfactory.cl/categoria/partes-y-piezas-componentes/refrigeracion/refrigeracion-cpu,200,True,749,9,True,12/01/2026 08:23:10 Chile
727,Resinas y Filamentos (Impresión 3D),/impresoras-y-suministros/otros-suministros-impresion/resinas-y-filamentos-impresion-3d,https://www.pcfactory.cl/categoria/impresoras-y-suministros/otros-suministros-impresion/resinas-y-filamentos-impresion-3d,200,True,898,18,True,12/01/2026 08:23:10 Chile
911,Robótica,/electronica-y-robotica/robotica/robotica,https://www.pcfactory.cl/categoria/electronica-y-robotica/robotica/robotica,200,True,676,1,True,12/01/2026 08:23:10 Chile
910,Robótica,/electronica-y-robotica/robotica,https://www.pcfactory.cl/categoria/electronica-y-robotica/robotica,200,True,930,5,True,12/01/2026 08:23:10 Chile
715,Rotuladoras,/oficinas-y-punto-de-venta/oficinas/rotuladoras,https://www.pcfactory.cl/categoria/oficinas-y-punto-de-venta/oficinas/rotuladoras,200,True,917,13,True,12/01/2026 08:23:10 Chile
715,Rotuladoras,/impresoras-y-suministros/impresoras-formatos-especiales/rotuladoras,https://www.pcfactory.cl/categoria/impresoras-y-suministros/impresoras-formatos-especiales/rotuladoras,200,True,865,13,True,12/01/2026 08:23:10 Chile
1132,Routers,/conectividad-y-redes/routers,https://www.pcfactory.cl/categoria/conectividad-y-redes/routers,200,True,641,39,True,12/01/2026 08:23:10 Chile
88,Routers,/conectividad-y-redes/routers/routers,https://www.pcfactory.cl/categoria/conectividad-y-redes/routers/routers,200,True,634,31,True,12/01/2026 08:23:10 Chile
1130,Routers Mesh,/conectividad-y-redes/routers/routers-mesh,https://www.pcfactory.cl/categoria/conectividad-y-redes/routers/routers-mesh,200,True,727,10,True,12/01/2026 08:23:10 Chile
904,SSD Externos,/almacenamiento-y-discos-duros/ssd-externos,https://www.pcfactory.cl/categoria/almacenamiento-y-discos-duros/ssd-externos,200,True,651,7,True,12/01/2026 08:23:10 Chile
904,SSD Externos,/partes-y-piezas-componentes/almacenamiento/ssd-externos,https://www.pcfactory.cl/categoria/partes-y-piezas-componentes/almacenamiento/ssd-externos,200,True,587,7,True,12/01/2026 08:23:10 Chile
1005,Salud y Bienestar (Smart Health),/hogar-y-seguridad/smart-home-domotica/salud-y-bienestar-smart-health,https://www.pcfactory.cl/categoria/hogar-y-seguridad/smart-home-domotica/salud-y-bienestar-smart-health,200,True,866,3,True,12/01/2026 08:23:10 Chile
318,Scanners,/oficinas-y-punto-de-venta/oficinas/scanners,https://www.pcfactory.cl/categoria/oficinas-y-punto-de-venta/oficinas/scanners,200,True,975,5,True,12/01/2026 08:23:10 Chile
1055,Scooters Eléctricos,/automovil-gps-y-outdoor/scooters-electricos,https://www.pcfactory.cl/categoria/automovil-gps-y-outdoor/scooters-electricos,200,True,788,3,True,12/01/2026 08:23:10 Chile
627,Seguridad,/hogar-y-seguridad/seguridad,https://www.pcfactory.cl/categoria/hogar-y-seguridad/seguridad,200,True,567,44,True,12/01/2026 08:23:10 Chile
627,Seguridad,/conectividad-y-redes/seguridad,https://www.pcfactory.cl/categoria/conectividad-y-redes/seguridad,200,True,755,44,True,12/01/2026 08:23:10 Chile
924,Sensores,/electronica-y-robotica/electronica/sensores,https://www.pcfactory.cl/categoria/electronica-y-robotica/electronica/sensores,200,True,778,10,True,12/01/2026 08:23:10 Chile
364,Servers,/computadores-y-tablets/servidores/servers,https://www.pcfactory.cl/categoria/computadores-y-tablets/servidores/servers,200,True,668,12,True,12/01/2026 08:23:10 Chile
407,Servidores,/computadores-y-tablets/servidores,https://www.pcfactory.cl/categoria/computadores-y-tablets/servidores,200,True,837,29,True,12/01/2026 08:23:10 Chile
1135,Sillas de Oficina,/oficinas-y-punto-de-venta/oficinas/sillas-de-oficina,https://www.pcfactory.cl/categoria/oficinas-y-punto-de-venta/oficinas/sillas-de-oficina,200,True,886,1,True,12/01/2026 08:23:10 Chile
748,Smart Home (Domótica),/hogar-y-seguridad/smart-home-domotica,https://www.pcfactory.cl/categoria/hogar-y-seguridad/smart-home-domotica,200,True,575,12,True,12/01/2026 08:23:10 Chile
789,Smart TV,/smart-tv-y-audio/smart-tv,https://www.pcfactory.cl/categoria/smart-tv-y-audio/smart-tv,200,True,580,14,True,12/01/2026 08:23:10 Chile
788,Smart TV y Audio,/smart-tv-y-audio,https://www.pcfactory.cl/categoria/smart-tv-y-audio,200,True,716,201,True,12/01/2026 08:23:10 Chile
5,Smartphones,/smartphones-y-wearables/smartphones,https://www.pcfactory.cl/categoria/smartphones-y-wearables/smartphones,200,True,669,19,True,12/01/2026 08:23:10 Chile
645,Smartphones y Wearables,/smartphones-y-wearables,https://www.pcfactory.cl/categoria/smartphones-y-wearables,200,True,717,179,True,12/01/2026 08:23:10 Chile
685,Smartwatches,/smartphones-y-wearables/wearables/smartwatches,https://www.pcfactory.cl/categoria/smartphones-y-wearables/wearables/smartwatches,200,True,716,1,True,12/01/2026 08:23:10 Chile
278,Softwares,/computadores-y-tablets/softwares,https://www.pcfactory.cl/categoria/computadores-y-tablets/softwares,200,True,812,6,True,12/01/2026 08:23:10 Chile
852,Sonido,/smart-tv-y-audio/sonido,https://www.pcfactory.cl/categoria/smart-tv-y-audio/sonido,200,True,975,5,True,12/01/2026 08:23:10 Chile
559,Soportes,/accesorios-y-perifericos/soportes,https://www.pcfactory.cl/categoria/accesorios-y-perifericos/soportes,200,True,742,12,True,12/01/2026 08:23:10 Chile
1054,Soportes de Monitores,/monitores-y-proyectores/accesorios-de-monitores/soportes-de-monitores,https://www.pcfactory.cl/categoria/monitores-y-proyectores/accesorios-de-monitores/soportes-de-monitores,200,True,502,7,True,12/01/2026 08:23:10 Chile
1054,Soportes de Monitores,/accesorios-y-perifericos/accesorios-de-monitores/soportes-de-monitores,https://www.pcfactory.cl/categoria/accesorios-y-perifericos/accesorios-de-monitores/soportes-de-monitores,200,True,577,7,True,12/01/2026 08:23:10 Chile
565,Soportes de Proyectores,/monitores-y-proyectores/accesorios-proyectores/soportes-de-proyectores,https://www.pcfactory.cl/categoria/monitores-y-proyectores/accesorios-proyectores/soportes-de-proyectores,200,True,689,2,True,12/01/2026 08:23:10 Chile
565,Soportes de Proyectores,/accesorios-y-perifericos/accesorios-proyectores/soportes-de-proyectores,https://www.pcfactory.cl/categoria/accesorios-y-perifericos/accesorios-proyectores/soportes-de-proyectores,200,True,776,2,True,12/01/2026 08:23:10 Chile
565,Soportes de Proyectores,/accesorios-y-perifericos/soportes/soportes-de-proyectores,https://www.pcfactory.cl/categoria/accesorios-y-perifericos/soportes/soportes-de-proyectores,200,True,556,2,True,12/01/2026 08:23:10 Chile
564,Soportes de TV,/smart-tv-y-audio/accesorios-tv-y-video/soportes-de-tv,https://www.pcfactory.cl/categoria/smart-tv-y-audio/accesorios-tv-y-video/soportes-de-tv,200,True,878,9,True,12/01/2026 08:23:10 Chile
564,Soportes de TV,/monitores-y-proyectores/accesorios-de-monitores/soportes-de-tv,https://www.pcfactory.cl/categoria/monitores-y-proyectores/accesorios-de-monitores/soportes-de-tv,200,True,578,9,True,12/01/2026 08:23:10 Chile
564,Soportes de TV,/accesorios-y-perifericos/accesorios-de-monitores/soportes-de-tv,https://www.pcfactory.cl/categoria/accesorios-y-perifericos/accesorios-de-monitores/soportes-de-tv,200,True,971,9,True,12/01/2026 08:23:10 Chile
564,Soportes de TV,/accesorios-y-perifericos/soportes/soportes-de-tv,https://www.pcfactory.cl/categoria/accesorios-y-perifericos/soportes/soportes-de-tv,200,True,591,9,True,12/01/2026 08:23:10 Chile
679,Soportes para Celulares,/automovil-gps-y-outdoor/automovil/soportes-para-celulares,https://www.pcfactory.cl/categoria/automovil-gps-y-outdoor/automovil/soportes-para-celulares,200,True,530,1,True,12/01/2026 08:23:10 Chile
679,Soportes para Celulares,/accesorios-y-perifericos/soportes/soportes-para-celulares,https://www.pcfactory.cl/categoria/accesorios-y-perifericos/soportes/soportes-para-celulares,200,True,556,1,True,12/01/2026 08:23:10 Chile
679,Soportes para Celulares,/accesorios-y-perifericos/accesorios-celulares/soportes-para-celulares,https://www.pcfactory.cl/categoria/accesorios-y-perifericos/accesorios-celulares/soportes-para-celulares,200,True,565,1,True,12/01/2026 08:23:10 Chile
679,Soportes para Celulares,/smartphones-y-wearables/accesorios-celulares/soportes-para-celulares,https://www.pcfactory.cl/categoria/smartphones-y-wearables/accesorios-celulares/soportes-para-celulares,200,True,748,1,True,12/01/2026 08:23:10 Chile
1341,Streamers,/gamer-y-poder-grafico/streamers,https://www.pcfactory.cl/categoria/gamer-y-poder-grafico/streamers,200,True,505,7,True,12/01/2026 08:23:10 Chile
676,Streaming,/smart-tv-y-audio/video-audio-tv/streaming,https://www.pcfactory.cl/categoria/smart-tv-y-audio/video-audio-tv/streaming,200,True,934,6,True,12/01/2026 08:23:10 Chile
676,Streaming,/monitores-y-proyectores/streaming,https://www.pcfactory.cl/categoria/monitores-y-proyectores/streaming,200,True,1006,6,True,12/01/2026 08:23:10 Chile
441,Suministros Impresoras,/impresoras-y-suministros/suministros-impresoras,https://www.pcfactory.cl/categoria/impresoras-y-suministros/suministros-impresoras,200,True,836,155,True,12/01/2026 08:23:10 Chile
950,Suministros Plastificadoras (Pouches),/oficinas-y-punto-de-venta/suministros-de-oficina/suministros-plastificadoras-pouches,https://www.pcfactory.cl/categoria/oficinas-y-punto-de-venta/suministros-de-oficina/suministros-plastificadoras-pouches,200,True,639,11,True,12/01/2026 08:23:10 Chile
826,Suministros de Oficina,/oficinas-y-punto-de-venta/suministros-de-oficina,https://www.pcfactory.cl/categoria/oficinas-y-punto-de-venta/suministros-de-oficina,200,True,930,187,True,12/01/2026 08:23:10 Chile
718,Switch Administrables,/conectividad-y-redes/switch-administrables,https://www.pcfactory.cl/categoria/conectividad-y-redes/switch-administrables,200,True,760,4,True,12/01/2026 08:23:10 Chile
316,Switches,/conectividad-y-redes/switches,https://www.pcfactory.cl/categoria/conectividad-y-redes/switches,200,True,1006,33,True,12/01/2026 08:23:10 Chile
523,Tabletas Digitalizadoras,/computadores-y-tablets/ilustracion-y-diseno/tabletas-digitalizadoras,https://www.pcfactory.cl/categoria/computadores-y-tablets/ilustracion-y-diseno/tabletas-digitalizadoras,200,True,1028,1,True,12/01/2026 08:23:10 Chile
488,Tablets,/computadores-y-tablets/tablets-y-ereaders/tablets,https://www.pcfactory.cl/categoria/computadores-y-tablets/tablets-y-ereaders/tablets,200,True,908,11,True,12/01/2026 08:23:10 Chile
994,Tablets y eReaders,/computadores-y-tablets/tablets-y-ereaders,https://www.pcfactory.cl/categoria/computadores-y-tablets/tablets-y-ereaders,200,True,727,15,True,12/01/2026 08:23:10 Chile
1137,Tags,/smartphones-y-wearables/wearables/tags,https://www.pcfactory.cl/categoria/smartphones-y-wearables/wearables/tags,200,True,913,2,True,12/01/2026 08:23:10 Chile
725,Tambores (Impresoras Laser),/oficinas-y-punto-de-venta/suministros-de-oficina/tambores-impresoras-laser,https://www.pcfactory.cl/categoria/oficinas-y-punto-de-venta/suministros-de-oficina/tambores-impresoras-laser,200,True,512,3,True,12/01/2026 08:23:10 Chile
725,Tambores (Impresoras Laser),/impresoras-y-suministros/suministros-impresoras/tambores-impresoras-laser,https://www.pcfactory.cl/categoria/impresoras-y-suministros/suministros-impresoras/tambores-impresoras-laser,200,True,753,3,True,12/01/2026 08:23:10 Chile
334,Tarjetas Gráficas,/partes-y-piezas-componentes/tarjetas-graficas,https://www.pcfactory.cl/categoria/partes-y-piezas-componentes/tarjetas-graficas,200,True,937,5,True,12/01/2026 08:23:10 Chile
454,Tarjetas Gráficas AMD,/partes-y-piezas-componentes/tarjetas-graficas/tarjetas-graficas-amd,https://www.pcfactory.cl/categoria/partes-y-piezas-componentes/tarjetas-graficas/tarjetas-graficas-amd,200,True,800,1,True,12/01/2026 08:23:10 Chile
378,Tarjetas Gráficas NVIDIA,/partes-y-piezas-componentes/tarjetas-graficas/tarjetas-graficas-nvidia,https://www.pcfactory.cl/categoria/partes-y-piezas-componentes/tarjetas-graficas/tarjetas-graficas-nvidia,200,True,719,4,True,12/01/2026 08:23:10 Chile
471,Tarjetas de Red / USB,/conectividad-y-redes/tarjetas-de-red-usb,https://www.pcfactory.cl/categoria/conectividad-y-redes/tarjetas-de-red-usb,200,True,854,34,True,12/01/2026 08:23:10 Chile
1301,Teclados,/oficinas-y-punto-de-venta/complementos-pos/teclados,https://www.pcfactory.cl/categoria/oficinas-y-punto-de-venta/complementos-pos/teclados,200,True,856,31,True,12/01/2026 08:23:10 Chile
1301,Teclados,/accesorios-y-perifericos/mouses-y-teclados/teclados,https://www.pcfactory.cl/categoria/accesorios-y-perifericos/mouses-y-teclados/teclados,200,True,522,31,True,12/01/2026 08:23:10 Chile
1301,Teclados,/computadores-y-tablets/mouses-y-teclados/teclados,https://www.pcfactory.cl/categoria/computadores-y-tablets/mouses-y-teclados/teclados,200,True,959,31,True,12/01/2026 08:23:10 Chile
598,Telones,/monitores-y-proyectores/accesorios-proyectores/telones,https://www.pcfactory.cl/categoria/monitores-y-proyectores/accesorios-proyectores/telones,200,True,978,2,True,12/01/2026 08:23:10 Chile
598,Telones,/accesorios-y-perifericos/accesorios-proyectores/telones,https://www.pcfactory.cl/categoria/accesorios-y-perifericos/accesorios-proyectores/telones,200,True,824,2,True,12/01/2026 08:23:10 Chile
429,Teléfonos fijos,/conectividad-y-redes/telefonos-fijos,https://www.pcfactory.cl/categoria/conectividad-y-redes/telefonos-fijos,200,True,822,1,True,12/01/2026 08:23:10 Chile
429,Teléfonos fijos,/smartphones-y-wearables/telefonos-fijos,https://www.pcfactory.cl/categoria/smartphones-y-wearables/telefonos-fijos,200,True,760,1,True,12/01/2026 08:23:10 Chile
444,Toners (Impresoras Laser),/oficinas-y-punto-de-venta/suministros-de-oficina/toners-impresoras-laser,https://www.pcfactory.cl/categoria/oficinas-y-punto-de-venta/suministros-de-oficina/toners-impresoras-laser,200,True,511,22,True,12/01/2026 08:23:10 Chile
444,Toners (Impresoras Laser),/impresoras-y-suministros/suministros-impresoras/toners-impresoras-laser,https://www.pcfactory.cl/categoria/impresoras-y-suministros/suministros-impresoras/toners-impresoras-laser,200,True,528,22,True,12/01/2026 08:23:10 Chile
822,Trituradoras de Papel,/oficinas-y-punto-de-venta/oficinas/trituradoras-de-papel,https://www.pcfactory.cl/categoria/oficinas-y-punto-de-venta/oficinas/trituradoras-de-papel,200,True,736,3,True,12/01/2026 08:23:10 Chile
1321,UPS / Energía y Energía Solar,/ups-energia-y-energia-solar,https://www.pcfactory.cl/categoria/ups-energia-y-energia-solar,200,True,652,67,True,12/01/2026 08:23:10 Chile
38,UPS y Reguladores,/oficinas-y-punto-de-venta/ups-baterias-y-cargadores/ups-y-reguladores,https://www.pcfactory.cl/categoria/oficinas-y-punto-de-venta/ups-baterias-y-cargadores/ups-y-reguladores,200,True,987,25,True,12/01/2026 08:23:10 Chile
38,UPS y Reguladores,/ups-energia-y-energia-solar/ups-y-reguladores,https://www.pcfactory.cl/categoria/ups-energia-y-energia-solar/ups-y-reguladores,200,True,601,25,True,12/01/2026 08:23:10 Chile
419,"UPS, Baterías y Cargadores",/oficinas-y-punto-de-venta/ups-baterias-y-cargadores,https://www.pcfactory.cl/categoria/oficinas-y-punto-de-venta/ups-baterias-y-cargadores,200,True,921,67,True,12/01/2026 08:23:10 Chile
647,Ventiladores PC,/partes-y-piezas-componentes/refrigeracion/ventiladores-pc,https://www.pcfactory.cl/categoria/partes-y-piezas-componentes/refrigeracion/ventiladores-pc,200,True,540,4,True,12/01/2026 08:23:10 Chile
793,Video / Audio TV,/smart-tv-y-audio/video-audio-tv,https://www.pcfactory.cl/categoria/smart-tv-y-audio/video-audio-tv,200,True,745,10,True,12/01/2026 08:23:10 Chile
643,"Video, Fotografía y Drones",/video-fotografia-y-drones,https://www.pcfactory.cl/categoria/video-fotografia-y-drones,200,True,862,50,True,12/01/2026 08:23:10 Chile
936,Wearables,/smartphones-y-wearables/wearables,https://www.pcfactory.cl/categoria/smartphones-y-wearables/wearables,200,True,1063,3,True,12/01/2026 08:23:10 Chile
517,Webcams,/oficinas-y-punto-de-venta/conferencias-y-reuniones/webcams,https://www.pcfactory.cl/categoria/oficinas-y-punto-de-venta/conferencias-y-reuniones/webcams,200,True,935,7,True,12/01/2026 08:23:10 Chile
517,Webcams,/accesorios-y-perifericos/accesorios-notebooks/webcams,https://www.pcfactory.cl/categoria/accesorios-y-perifericos/accesorios-notebooks/webcams,200,True,808,7,True,12/01/2026 08:23:10 Chile
517,Webcams,/gamer-y-poder-grafico/streamers/webcams,https://www.pcfactory.cl/categoria/gamer-y-poder-grafico/streamers/webcams,200,True,626,7,True,12/01/2026 08:23:10 Chile
517,Webcams,/computadores-y-tablets/accesorios-notebooks/webcams,https://www.pcfactory.cl/categoria/computadores-y-tablets/accesorios-notebooks/webcams,200,True,814,7,True,12/01/2026 08:23:10 Chile
1081,Webcams Reuniones,/oficinas-y-punto-de-venta/conferencias-y-reuniones/webcams-reuniones,https://www.pcfactory.cl/categoria/oficinas-y-punto-de-venta/conferencias-y-reuniones/webcams-reuniones,200,True,1016,1,True,12/01/2026 08:23:10 Chile
828,eReaders,/computadores-y-tablets/tablets-y-ereaders/ereaders,https://www.pcfactory.cl/categoria/computadores-y-tablets/tablets-y-ereaders/ereaders,200,True,742,4,True,12/01/2026 08:23:10 Chile
286,Ópticos,/partes-y-piezas-componentes/opticos,https://www.pcfactory.cl/categoria/partes-y-piezas-componentes/opticos,200,True,1027,1,True,12/01/2026 08:23:10 Chile
